First Name,Last Name,Email,Username,Display Name,Activated,Location,Address,City,State,Country,Postal Code,Website,Phone,Job Title,Notes,Employee Number,Company,Manager,Remote,VIP,Start Date,End Date,Gravatar
Reagen,Tenant,rtenant0@istockphoto.com,rtenant0,Heywood,TRUE,"Braun, Ullrich and O'Hara",0406 Emmet Drive,,,,,https://netvibes.com,895-137-2034,Nurse Practicioner,ac tellus semper interdum mauris ullamcorper purus sit amet nulla quisque arcu libero rutrum,,,Reagen Tenant,TRUE,TRUE,2022-03-18,2022-12-04,rtenant0@soup.io
Kenneth,Lefeuvre,klefeuvre1@woothemes.com,klefeuvre1,,FALSE,Mueller LLC,404 Dennis Alley,,,,,,,Senior Quality Engineer,lacus at turpis donec posuere metus vitae ipsum,,,,TRUE,,,,
Kiel,Eland,keland2@tinyurl.com,keland2,,FALSE,"Mayer, Jacobi and Gibson",3058 Declaration Park,,,,,,,Web Developer I,eu est congue elementum in hac habitasse platea dictumst morbi vestibulum velit id,,,,TRUE,,,,
Susana,Kinneally,skinneally3@purevolume.com,skinneally3,George,FALSE,Block Inc,1 Chive Alley,,,,,,,Software Consultant,phasellus in felis donec semper sapien a libero nam dui proin leo odio porttitor id consequat,,,,TRUE,,,,
Wallis,Hadcock,whadcock4@abc.net.au,whadcock4,,FALSE,Roob-Bartoletti,496 Hazelcrest Terrace,,,,,,,Information Systems Manager,nam congue risus semper porta volutpat quam pede lobortis ligula sit amet eleifend,,"Hand, Rohan and Oberbrunner",,FALSE,,,,
Audry,Piell,apiell5@china.com.cn,apiell5,,FALSE,Schoen-Hilpert,3136 Talmadge Circle,,,,,,,Chemical Engineer,congue risus semper porta volutpat quam pede lobortis ligula sit amet eleifend pede libero quis orci nullam,,,,FALSE,,,,
Veronike,Poytress,vpoytress6@scribd.com,vpoytress6,Paul,FALSE,"D'Amore, Schoen and Rogahn",3 Northwestern Hill,,,,,http://acquirethisname.com,198-980-1723,Compensation Analyst,non mattis pulvinar nulla pede ullamcorper augue a suscipit nulla elit ac nulla sed vel enim sit amet,,,Veronike Poytress,TRUE,TRUE,2022-05-10,2022-08-14,vpoytress6@ed.gov
Sibel,Serris,sserris7@mayoclinic.com,sserris7,,TRUE,Swaniawski and Sons,090 Summit Road,,,,,,,,,,,,FALSE,,,,
Aldis,Smardon,asmardon8@ifeng.com,asmardon8,,FALSE,Huels-Reinger,2 Brown Trail,,,,,,,,,,,,TRUE,,,,
Juan,,,jlowseley9,Awesomesauce,TRUE,Nicolas and Sons,0 Village Pass,,,,,,,Cost Accountant,phasellus id sapien in sapien,,,,TRUE,,,,
Thaine,Coger,tcogera@naver.com,tcogera,,FALSE,Zieme-Davis,31 Little Fleur Park,,,,,,,,,,,,TRUE,,,,
Adrien,Ciotti,aciottib@ucoz.ru,aciottib,,TRUE,"Ward, Wolff and King",61 Graedel Hill,,,,,,,,,,,,FALSE,,,,
Harmony,Vanetti,hvanettic@wordpress.com,hvanettic,,TRUE,"Kulas, Heller and Cormier",35 Hintze Drive,,,,,,,,,,Wyman-Jenkins,,TRUE,,,,
Pansie,Morston,pmorstond@ebay.com,pmorstond,,FALSE,Mosciski-Graham,73222 Walton Street,,,,,,,,,,,,FALSE,,,,
Court,Halse,chalsee@walmart.com,chalsee,Test,TRUE,"O'Reilly, Hilll and Stokes",61514 Pepper Wood Trail,,,,,,,,,,,,FALSE,,,,
Gerardo,Scrowby,gscrowbyf@multiply.com,gscrowbyf,,FALSE,Cruickshank-Kling,18314 Schlimgen Point,,,,,,,,,,,,FALSE,,,,
Imojean,Veare,iveareg@chronoengine.com,iveareg,Testtest,FALSE,Schultz-Lakin,9 Blaine Street,,,,,https://soup.io,502-710-6094,Environmental Tech,consequat lectus in est risus auctor sed,,,Imojean Veare,FALSE,TRUE,2022-01-24,2022-08-06,iveareg@answers.com
Samuel,Bickley,sbickleyh@gravatar.com,sbickleyh,,TRUE,Langworth-Friesen,5891 Bunker Hill Crossing,,,,,,,,,,Corkery and Sons,,FALSE,,,,
Niall,Ethington,nethingtoni@google.fr,nethingtoni,,TRUE,"Ledner, Klocko and Sipes",511 Springs Parkway,,,,,,,,,,,,FALSE,,,,
Elfreda,Ilyukhov,eilyukhovj@mashable.com,eilyukhovj,,FALSE,Spinka-Ortiz,475 Bluestem Point,,,,,,,Clinical Specialist,felis ut at dolor quis odio consequat varius integer ac,,,,TRUE,,,,
Serena,Josling,sjoslingk@oracle.com,sjoslingk,,FALSE,Wuckert-Schuster,10512 Fuller Avenue,,,,,,,,,,"Cruickshank, Ziemann and Kreiger",,FALSE,,,,
Sheelah,Dockwray,sdockwrayl@narod.ru,sdockwrayl,,TRUE,Orn-Koss,4241 Scofield Circle,,,,,,,Nurse,vestibulum sed magna at nunc commodo placerat praesent blandit nam nulla integer pede,,Hermann-Anderson,,TRUE,,,,
Lanette,Remnant,lremnantm@vinaora.com,lremnantm,,FALSE,Abshire LLC,8 Buena Vista Junction,,,,,,,General Manager,mauris ullamcorper purus sit amet,,Bahringer-Lockman,,FALSE,,,,
Jordan,Pritty,jprittyn@reverbnation.com,jprittyn,,FALSE,Stroman LLC,36 Becker Plaza,,,,,,,,,,Durgan-Bosco,,TRUE,,,,
Lorrin,Boni,lbonio@msn.com,lbonio,,TRUE,Bogisich-Nolan,7 Messerschmidt Point,,,,,,,,,,,,FALSE,,,,
Marie-ann,Waind,mwaindp@ucoz.ru,mwaindp,,TRUE,"Hartmann, Weissnat and Cassin",68082 Schmedeman Court,,,,,,,Nurse,duis faucibus accumsan odio curabitur convallis duis consequat,,,,TRUE,,,,
Marti,Daens,mdaensq@huffingtonpost.com,mdaensq,,FALSE,Robel-Roob,7 Knutson Pass,,,,,http://gov.uk,381-382-8857,Electrical Engineer,sapien a libero nam dui proin leo,,,Marti Daens,FALSE,TRUE,2021-12-19,2022-12-08,mdaensq@themeforest.net
Scotti,Gillison,sgillisonr@intel.com,sgillisonr,,TRUE,Howe-Collins,44 Elka Terrace,,,,,,,Financial Advisor,viverra eget congue eget semper rutrum nulla nunc purus,,,,TRUE,,,,
Bobbe,Alven,balvens@csmonitor.com,balvens,,TRUE,Weimann-Bernhard,71 Manley Park,,,,,,,,,,Champlin-Turcotte,,FALSE,,,,
Ferdy,Kincade,fkincadet@wsj.com,fkincadet,,TRUE,Bode Inc,3023 Novick Alley,,,,,,,Statistician IV,amet nulla quisque arcu libero,,,,TRUE,,,,
Rachael,Briers,rbriersu@vimeo.com,rbriersu,,FALSE,Koch and Sons,71 Shoshone Court,,,,,,,,,,,,TRUE,,,,
Ado,Bartholin,abartholinv@ft.com,abartholinv,,FALSE,"Buckridge, Klein and Johnston",11 Jenna Avenue,,,,,,,,,,,,FALSE,,,,
Tessy,,,tsailerw,,FALSE,Parker-Beer,0964 Vidon Way,,,,,,,Structural Engineer,aliquet ultrices erat tortor sollicitudin,,,,TRUE,,,,
Chloe,Gebbie,cgebbiex@cam.ac.uk,cgebbiex,,FALSE,Smith Inc,8 5th Alley,,,,,,,,,,,,TRUE,,,,
Emlyn,Cusick,ecusicky@homestead.com,ecusicky,,TRUE,Dickens LLC,43 Canary Point,,,,,,,Health Coach II,eu tincidunt in leo maecenas pulvinar lobortis est phasellus sit amet erat nulla tempus vivamus in,,,,TRUE,,,,
Kenneth,McGuire,kmcguirez@scribd.com,kmcguirez,,TRUE,"Torphy, Bednar and Davis",2 Stone Corner Park,,,,,,,Nurse Practicioner,tortor duis mattis egestas metus aenean fermentum donec ut mauris eget massa,,,,FALSE,,,,
Berri,Forson,bforson10@pcworld.com,bforson10,,TRUE,"D'Amore, Larkin and O'Keefe",266 Alpine Road,,,,,,,Tax Accountant,in purus eu magna vulputate luctus cum sociis natoque penatibus et,,,,TRUE,,,,
Bree,Jiru,bjiru11@gravatar.com,bjiru11,,TRUE,Altenwerth LLC,58 4th Alley,,,,,,,,,,Farrell and Sons,,TRUE,,,,
Kathie,Dignan,kdignan12@bbb.org,kdignan12,,TRUE,"Pagac, Effertz and Padberg",973 Banding Point,,,,,,,,,,"Marquardt, Cummings and Bosco",,TRUE,,,,
Filbert,Van Der Straaten,fvanderstraaten13@sourceforge.net,fvanderstraaten13,,FALSE,"Cronin, Mante and Klein",0 Stuart Junction,,,,,,,Research Assistant I,ut massa volutpat convallis morbi odio odio elementum eu interdum eu tincidunt in leo maecenas,,Bauch-Kling,,TRUE,,,,
Miguel,Farbrace,mfarbrace14@barnesandnoble.com,mfarbrace14,,FALSE,O'Keefe Inc,1 Mallory Avenue,,,,,,,Assistant Manager,a libero nam dui proin leo odio porttitor id consequat in consequat ut nulla sed accumsan felis,,Schmeler-Krajcik,,FALSE,,,,
Em,,,ekittley15,,FALSE,Schuppe-Barrows,9946 Canary Pass,,,,,,,Nuclear Power Engineer,odio curabitur convallis duis consequat dui nec nisi,,"Abshire, Goyette and Spinka",,TRUE,,,,
Bill,Morales,bmorales16@addtoany.com,bmorales16,,TRUE,Leannon Inc,0 Hudson Circle,,,,,,,,,,,,TRUE,,,,
Spenser,Branca,sbranca17@tripod.com,sbranca17,,FALSE,Halvorson Inc,7904 Green Road,,,,,,,,,,,,FALSE,,,,
Dawna,Ainslee,dainslee18@nifty.com,dainslee18,,TRUE,"Strosin, Collier and O'Connell",17 Granby Center,,,,,,,,,,,,FALSE,,,,
Lind,Fontanet,lfontanet19@lycos.com,lfontanet19,,FALSE,Bins-Kunde,84 Kenwood Junction,,,,,,,,,,"Romaguera, Adams and Schoen",,FALSE,,,,
Ashli,Gheorghie,agheorghie1a@blogtalkradio.com,agheorghie1a,,FALSE,Hauck Inc,8 Warrior Drive,,,,,,,,,,Wisozk Inc,,FALSE,,,,
Janice,Freddi,jfreddi1b@behance.net,jfreddi1b,,TRUE,"Stoltenberg, Aufderhar and Schaden",0 Esch Alley,,,,,,,,,,,,FALSE,,,,
Reinwald,Ivakhin,rivakhin1c@ask.com,rivakhin1c,,FALSE,Jacobson-Mosciski,24 New Castle Alley,,,,,,,,,,Welch and Sons,,TRUE,,,,
Lindsey,Trevance,ltrevance1d@prnewswire.com,ltrevance1d,,TRUE,Hansen-Luettgen,17443 Lindbergh Plaza,,,,,,,Web Designer II,interdum eu tincidunt in leo maecenas pulvinar lobortis est phasellus,,,,FALSE,,,,
Cordi,Frostdyke,cfrostdyke1e@weather.com,cfrostdyke1e,,FALSE,Kohler Inc,53066 Merchant Plaza,,,,,,,,,,,,FALSE,,,,
Jayme,Piatto,jpiatto1f@slate.com,jpiatto1f,,TRUE,Johnson and Sons,5598 Fuller Avenue,,,,,,,Graphic Designer,accumsan felis ut at dolor quis odio consequat varius integer,,,,TRUE,,,,
Henriette,Glanvill,hglanvill1g@ifeng.com,hglanvill1g,,TRUE,"Mills, Kautzer and Stiedemann",6461 Stang Center,,,,,,,,,,Gibson and Sons,,TRUE,,,,
Izak,Legen,ilegen1h@berkeley.edu,ilegen1h,,TRUE,"Schiller, Runolfsson and Gottlieb",86874 Hovde Avenue,,,,,,,,,,,,FALSE,,,,
Silas,Vallentin,svallentin1i@zdnet.com,svallentin1i,,FALSE,Wolff Inc,15041 Graceland Park,,,,,,,,,,,,TRUE,,,,
Ansel,Augustus,aaugustus1j@oaic.gov.au,aaugustus1j,,TRUE,"Rippin, Frami and Parker",843 Nova Alley,,,,,,,Assistant Media Planner,ipsum primis in faucibus orci luctus et ultrices posuere cubilia curae donec,,Morissette and Sons,,FALSE,,,,
Annemarie,Reburn,areburn1k@networksolutions.com,areburn1k,,TRUE,Dach Group,05 Crowley Avenue,,,,,,,Administrative Assistant IV,vivamus tortor duis mattis egestas metus aenean fermentum donec,,"Murazik, Wyman and Yost",,FALSE,,,,
Fee,Bissell,fbissell1l@comsenz.com,fbissell1l,,TRUE,Braun Group,678 Nelson Hill,,,,,,,Health Coach IV,sed augue aliquam erat volutpat in congue etiam justo etiam pretium iaculis justo in,,"Lindgren, Quitzon and Heathcote",,TRUE,,,,
Zenia,Kordt,zkordt1m@com.com,zkordt1m,,TRUE,"Harvey, Fay and Yundt",6337 Mayer Trail,,,,,,,Associate Professor,congue etiam justo etiam pretium iaculis justo in hac habitasse platea dictumst etiam faucibus cursus urna,,,,TRUE,,,,
Winthrop,Eales,weales1n@stanford.edu,weales1n,,TRUE,Johns-Kshlerin,79780 Helena Lane,,,,,,,Accountant I,platea dictumst etiam faucibus cursus urna ut,,,,FALSE,,,,
Davis,,,dnatalie1o,,FALSE,Tillman-Marquardt,3893 Express Junction,,,,,https://answers.com,266-409-9118,Teacher,suspendisse accumsan tortor quis turpis sed ante vivamus tortor,,Casper-Grimes,Davis Natalie,FALSE,FALSE,2022-04-08,2022-09-24,dnatalie1o@altervista.org
Massimiliano,Fardo,mfardo1p@imgur.com,mfardo1p,,TRUE,Kozey Group,72 Hauk Terrace,,,,,,,Account Coordinator,parturient montes nascetur ridiculus mus etiam vel augue vestibulum rutrum rutrum neque aenean auctor gravida sem praesent id,,Bednar Inc,,FALSE,,,,
Dacey,Larrie,dlarrie1q@digg.com,dlarrie1q,,FALSE,Jerde-Ullrich,70371 Del Mar Center,,,,,,,,,,,,TRUE,,,,
Pattie,Melvin,pmelvin1r@discovery.com,pmelvin1r,,FALSE,"McDermott, Mayert and Kemmer",845 Anderson Point,,,,,,,Safety Technician II,sit amet erat nulla tempus vivamus in felis eu sapien cursus vestibulum proin,,,,TRUE,,,,
Franny,Laughlin,flaughlin1s@blogspot.com,flaughlin1s,,FALSE,Renner-Terry,94 Northfield Pass,,,,,,,,,,"Parisian, Hudson and Bahringer",,FALSE,,,,
Mariel,Roelvink,mroelvink1t@timesonline.co.uk,mroelvink1t,,TRUE,Russel-Blanda,434 Crest Line Road,,,,,http://amazon.de,429-401-0847,Quality Engineer,vel pede morbi porttitor lorem id ligula suspendisse ornare consequat lectus in est risus auctor sed tristique in tempus,,,Mariel Roelvink,TRUE,FALSE,2022-02-21,2022-09-01,mroelvink1t@feedburner.com
Josee,Ghirardi,jghirardi1u@arizona.edu,jghirardi1u,,TRUE,Koss-Schmitt,96 Kingsford Avenue,,,,,,,,,,,,TRUE,,,,
Felix,Pheasant,fpheasant1v@soundcloud.com,fpheasant1v,,TRUE,Rogahn Group,43 Northridge Place,,,,,,,,,,Hoppe-O'Reilly,,FALSE,,,,
Stearne,Gwatkins,sgwatkins1w@jugem.jp,sgwatkins1w,,FALSE,"Koch, Ferry and Marks",6 Victoria Circle,,,,,,,,,,,,FALSE,,,,
Nathaniel,Parkinson,nparkinson1x@springer.com,nparkinson1x,,TRUE,Harber Group,4589 Clarendon Way,,,,,,,Software Consultant,non mattis pulvinar nulla pede ullamcorper augue a suscipit nulla elit ac nulla sed vel enim sit amet nunc viverra,,Koepp LLC,,TRUE,,,,
Blondelle,Crawley,bcrawley1y@ezinearticles.com,bcrawley1y,,TRUE,"Hirthe, Bashirian and Feeney",17149 Ridge Oak Park,,,,,,,Help Desk Technician,sit amet cursus id turpis integer aliquet massa id lobortis convallis tortor risus dapibus augue vel accumsan tellus nisi eu,,,,TRUE,,,,
Pammi,Yair,pyair1z@virginia.edu,pyair1z,,TRUE,"Pfeffer, Schmeler and Dibbert",541 Beilfuss Alley,,,,,,,,,,,,TRUE,,,,
Tremain,Lattimer,tlattimer20@go.com,tlattimer20,,TRUE,"Kuvalis, Kris and Howell",19 Red Cloud Parkway,,,,,,,,,,Gutkowski LLC,,TRUE,,,,
Moreen,Fermin,mfermin21@w3.org,mfermin21,,FALSE,"Romaguera, Spinka and Bayer",50 Eagle Crest Circle,,,,,,,,,,,,TRUE,,,,
Jena,Taborre,jtaborre22@pinterest.com,jtaborre22,,TRUE,Raynor Group,97 Helena Center,,,,,,,Dental Hygienist,vel enim sit amet nunc viverra dapibus nulla suscipit ligula in lacus curabitur at ipsum ac tellus semper interdum mauris,,,,FALSE,,,,
Odille,Stede,ostede23@biglobe.ne.jp,ostede23,,TRUE,"Boyle, Schowalter and Mayer",88993 Sunbrook Street,,,,,http://live.com,464-815-6024,,,,,Odille Stede,TRUE,FALSE,2021-12-12,2022-06-27,ostede23@lycos.com
Kori,Fulk,kfulk24@tiny.cc,kfulk24,,TRUE,Konopelski and Sons,43 Mockingbird Avenue,,,,,,,,,,"Nikolaus, Cassin and Streich",,TRUE,,,,
Pollyanna,Cardon,pcardon25@infoseek.co.jp,pcardon25,,FALSE,Hickle Group,52088 Almo Junction,,,,,,,,,,"Cronin, Cummerata and Tromp",,FALSE,,,,
Austin,McGeneay,amcgeneay26@tmall.com,amcgeneay26,,TRUE,Yundt-Howell,021 4th Park,,,,,,,Social Worker,est phasellus sit amet erat nulla tempus vivamus in felis eu sapien cursus vestibulum proin eu mi nulla,,,,TRUE,,,,
Imogen,Hamill,ihamill27@w3.org,ihamill27,,FALSE,Herman-Schulist,802 Sunbrook Place,,,,,http://vistaprint.com,344-665-1217,Registered Nurse,curabitur convallis duis consequat dui nec nisi volutpat,,,Imogen Hamill,FALSE,FALSE,2021-12-03,2023-04-16,ihamill27@over-blog.com
Hershel,Bielfeld,hbielfeld28@soup.io,hbielfeld28,,TRUE,Kreiger and Sons,6944 Buell Trail,,,,,,,Actuary,curae donec pharetra magna vestibulum aliquet ultrices erat,,Schmitt-Abbott,,TRUE,,,,
Korry,,,ksteckings29,,TRUE,Bogan Inc,800 Ilene Parkway,,,,,,,,,,,,TRUE,,,,
Cookie,Warret,cwarret2a@sakura.ne.jp,cwarret2a,,FALSE,Murphy-Yost,9 Vera Terrace,,,,,,,Mechanical Systems Engineer,semper rutrum nulla nunc purus phasellus in felis donec semper sapien a libero nam dui proin leo odio,,"Lueilwitz, Beahan and Raynor",,FALSE,,,,
Wynne,Gonnely,wgonnely2b@facebook.com,wgonnely2b,,TRUE,"Frami, Erdman and Mayert",051 Kenwood Junction,,,,,,,,,,,,TRUE,,,,
Ethelred,Bogey,ebogey2c@infoseek.co.jp,ebogey2c,,TRUE,Christiansen and Sons,7414 2nd Pass,,,,,,,Media Manager II,donec odio justo sollicitudin ut suscipit a feugiat et eros vestibulum ac est lacinia,,,,FALSE,,,,
Alvera,Tunuy,atunuy2d@bizjournals.com,atunuy2d,,FALSE,"Vandervort, Veum and Walker",152 Division Park,,,,,,,,,,"Bartell, Hartmann and Jerde",,FALSE,,,,
Martino,Rosenbusch,mrosenbusch2e@seesaa.net,mrosenbusch2e,,TRUE,Parisian-Romaguera,130 Westridge Alley,,,,,http://bravesites.com,626-888-4072,,,,"Keebler, Walter and Senger",Martino Rosenbusch,FALSE,FALSE,2022-01-20,2022-09-11,mrosenbusch2e@about.me
Susi,Trapp,strapp2f@ft.com,strapp2f,,FALSE,"Rogahn, Volkman and McDermott",72958 Vahlen Avenue,,,,,,,,,,Nitzsche-Langosh,,TRUE,,,,
Gordon,Alflatt,galflatt2g@marriott.com,galflatt2g,,FALSE,Effertz-Howell,0681 International Plaza,,,,,,,Research Associate,duis aliquam convallis nunc proin,,"Farrell, Hoeger and O'Keefe",,TRUE,,,,
Derrick,Braidon,dbraidon2h@blogs.com,dbraidon2h,,FALSE,Prosacco-Walker,8760 Del Sol Circle,,,,,,,,,,Koss-Bogisich,,TRUE,,,,
Minnnie,Bonar,mbonar2i@biglobe.ne.jp,mbonar2i,,TRUE,Daniel LLC,5424 Karstens Alley,,,,,,,Web Designer III,faucibus orci luctus et ultrices posuere cubilia curae mauris,,,,TRUE,,,,
Casper,Sinnatt,csinnatt2j@hc360.com,csinnatt2j,,TRUE,Barrows-Mertz,79 Melvin Center,,,,,,,,,,,,FALSE,,,,
Chloe,Fist,cfist2k@auda.org.au,cfist2k,,FALSE,"Kling, Streich and Kertzmann",47064 Glacier Hill Court,,,,,,,,,,Altenwerth-Leuschke,,TRUE,,,,
Elysha,Gosenell,egosenell2l@ft.com,egosenell2l,,TRUE,Hirthe LLC,70 Old Gate Alley,,,,,,,Nuclear Power Engineer,amet cursus id turpis integer aliquet massa id lobortis convallis tortor risus dapibus augue vel accumsan tellus,,Macejkovic and Sons,,FALSE,,,,
Gerianna,Feirn,gfeirn2m@bing.com,gfeirn2m,,TRUE,"Collier, Kirlin and Armstrong",881 Summer Ridge Circle,,,,,,,,,,,,FALSE,,,,
Lucas,Mulvany,lmulvany2n@deliciousdays.com,lmulvany2n,,FALSE,Bahringer Group,639 La Follette Circle,,,,,,,,,,,,TRUE,,,,
Lenore,Menendez,lmenendez2o@cdbaby.com,lmenendez2o,,TRUE,"Nader, Harvey and Casper",02 Springs Avenue,,,,,https://a8.net,926-526-1742,Community Outreach Specialist,ut odio cras mi pede malesuada in imperdiet et commodo vulputate justo in blandit ultrices enim lorem ipsum dolor,,,Lenore Menendez,TRUE,FALSE,2022-01-11,2022-07-29,lmenendez2o@ifeng.com
Collete,Brandes,cbrandes2p@accuweather.com,cbrandes2p,,TRUE,Koepp-Parisian,5 Haas Way,,,,,,,,,,,,FALSE,,,,
Osborne,Gummory,ogummory2q@1und1.de,ogummory2q,,FALSE,Mertz and Sons,91749 Haas Alley,,,,,,,,,,,,TRUE,,,,
Emiline,Grossman,egrossman2r@dmoz.org,egrossman2r,,TRUE,Parisian and Sons,3872 Eagle Crest Court,,,,,https://uiuc.edu,338-830-8647,Food Chemist,dolor vel est donec odio justo sollicitudin ut suscipit a feugiat et eros vestibulum ac est lacinia nisi venenatis,,Williamson-Casper,Emiline Grossman,TRUE,TRUE,2021-11-10,2022-10-01,egrossman2r@spiegel.de